conf,class
0.9579367185006646,0
0.9110744418795826,1
0.9052741264453487,0
0.8282887883776796,0
0.7714926462910414,0
0.734520509203888,0
0.7079217558857377,1
0.6295994108722002,0
0.5915055644037533,1
0.5810865724082743,1
0.494375570955937,1
0.46799463134375885,0
0.4066884780722319,0
0.37038010414206124,0
0.3430876674534233,1
0.2743837010676038,1
0.19631466709621204,1
0.18088611538685234,1
