conf,class
0.9083265163106745,0
0.886503357753844,0
0.8312184422599755,0
0.714926105238326,0
0.6497725572608372,0
0.5830605533457527,1
0.5371304430757957,1
0.5353037172743715,0
0.5245065518893114,1
0.4456876414885419,1
0.33495408839072377,0
0.2580564362016701,1
0.25746197838665447,0
0.22385544318222986,0
0.20092508612724277,1
0.1340248674169523,1
0.11484554326234153,1
0.0518062863116374,1
